model,sequence,frames,tp,fp,fn,gt_persons,predictions_ap_floor,predictions_at_confidence,ignored_predictions,precision,recall,f1,ap50,ap75,map50_95,ignored_detections_at_ap50,matched_iou_mean,matched_iou_median,matched_iou_std,matched_iou_p25,matched_iou_p75,matched_iou_p50,matched_iou_p95,matched_dice_mean,matched_dice_median,matched_dice_std,matched_dice_p25,matched_dice_p75,matched_dice_p50,matched_dice_p95
yolo26s-seg.pt,MOTS20-02,600,5234,1147,1805,7039,94310,8324,1943,0.8202476100924619,0.7435715300468817,0.7800298062593145,0.7921059052560907,0.3970966528486249,0.41965144637490925,31926,0.7669984412356331,0.7821753064254973,0.10188815839500155,0.695449735940148,0.8561897391256075,0.7821753064254973,0.8972690408753102,0.8642224097210207,0.8777759339917092,0.06802681485151309,0.8203719887143006,0.9225239435495032,0.8777759339917092,0.945853245889062
yolo26s-seg.pt,MOTS20-05,837,5200,545,1370,6570,56143,6347,602,0.9051348999129678,0.791476407914764,0.8444985789687373,0.8467737819750207,0.6368170028424125,0.5811367378143568,9896,0.8399717382803916,0.8755542560840626,0.10898169188986624,0.7849025636459213,0.9231323894970253,0.8755542560840626,0.9552805158797234,0.9088924222985403,0.9336485499901565,0.06998566663952421,0.8794906560208436,0.960029995374732,0.9336485499901565,0.9771288652642405
yolo26s-seg.pt,MOTS20-09,525,3976,367,798,4774,46276,5132,789,0.915496200782869,0.8328445747800587,0.8722167379620489,0.8625732821075627,0.6135061112579477,0.5442206965049603,12488,0.8097574400617447,0.8341394643843345,0.10076376202994843,0.757468997023669,0.8892610648124053,0.8341394643843345,0.9231128036771744,0.8912114032531473,0.9095703768911771,0.06604427156325524,0.8619998391866661,0.9413850527592843,0.9095703768911771,0.9600194038556085
yolo26s-seg.pt,MOTS20-11,900,6825,543,1686,8511,93936,7859,491,0.9263029315960912,0.8019034191046881,0.8596259210277726,0.8558376857650107,0.679387816008997,0.5898926635345991,26759,0.8400302655222652,0.8642201834862385,0.09183364044332262,0.8017330256762728,0.9069223640122621,0.8642201834862385,0.9393772779718726,0.9101317866395383,0.9271653543307086,0.058846033016974594,0.8899576288505294,0.9511896038641564,0.9271653543307086,0.9687411403368572
yolo11s-seg.pt,MOTS20-02,600,4848,1043,2191,7039,99613,7472,1581,0.8229502631132236,0.6887341951981816,0.7498839907192575,0.7563667023981089,0.2984465615828699,0.3562590538413031,33032,0.7402170123612201,0.755701456434043,0.10090195127479169,0.6636213018980759,0.8267632090075354,0.755701456434043,0.8741768832510742,0.8467348059158708,0.8608541658879496,0.06882011337771429,0.7978033085770974,0.9051673526824817,0.8608541658879496,0.9328648656880248
yolo11s-seg.pt,MOTS20-05,837,5080,673,1490,6570,65243,6243,490,0.883017556057709,0.7732115677321156,0.8244745597662907,0.8335909808237327,0.587432058082591,0.5391780817446051,11397,0.8222689616110515,0.8491886373705373,0.10883220811673984,0.7582430511125329,0.9098156662828121,0.8491886373705373,0.9497120152505096,0.8982856138107588,0.9184445763964806,0.07019814660512534,0.8625008355261423,0.9527785139916968,0.9184445763964806,0.9742074807170532
yolo11s-seg.pt,MOTS20-09,525,3902,786,872,4774,60578,5362,674,0.8323378839590444,0.8173439463762044,0.8247727753117734,0.8347551671166885,0.5181573333456168,0.48430850216943117,15903,0.7824185068635396,0.7999333267068304,0.09961484700053112,0.7271697636047596,0.8626190640940878,0.7999333267068304,0.9079391791996689,0.8742356990171871,0.888847730133955,0.06623857268861424,0.8420362363068604,0.9262431386643701,0.888847730133955,0.951748555666166
yolo11s-seg.pt,MOTS20-11,900,6721,616,1790,8511,119289,7794,457,0.9160419790104948,0.7896839384326166,0.8481827359919233,0.8448711700890352,0.6170206049650393,0.5376127321828972,32627,0.8151275560115213,0.8354320868980102,0.09258769146863105,0.7700768667642752,0.8839511674916836,0.8354320868980102,0.9252552525848619,0.8950875487194964,0.910338326175762,0.060169235123753904,0.8701055657226754,0.9384013585326496,0.910338326175762,0.9611767077041938
yolov8s-seg.pt,MOTS20-02,600,4923,1044,2116,7039,99669,7415,1448,0.8250377073906485,0.6993891177724109,0.757035214516377,0.7601835748774737,0.2974778796441134,0.3598633722557718,31074,0.7401092637791995,0.7504791894852135,0.10149820330721575,0.660473873528159,0.8292269755151851,0.7504791894852135,0.8787836971476624,0.8466310176544972,0.8574557115482382,0.0689752297286463,0.7955245595860196,0.9066419711926434,0.8574557115482382,0.9354815007272784
yolov8s-seg.pt,MOTS20-05,837,5076,625,1494,6570,63979,6178,477,0.8903701105069286,0.7726027397260274,0.8273164371281884,0.8346211771679141,0.5749865123103038,0.534965949464656,11183,0.8206884248066623,0.848717689765103,0.1112323775095429,0.7560524893859832,0.9089555207046133,0.848717689765103,0.9504957103200572,0.8971287288876789,0.918169057737701,0.07197372743205781,0.8610818798841174,0.9523066513464725,0.918169057737701,0.9746196366980271
yolov8s-seg.pt,MOTS20-09,525,3879,757,895,4774,68950,5523,887,0.8367126833477135,0.8125261834939255,0.824442082890542,0.8298470539980346,0.5049316643022064,0.4788211599813787,19653,0.7807610829180895,0.7999283080704629,0.09925652833522612,0.725508612882471,0.859970500077526,0.7999283080704629,0.9065171201508957,0.8732121652868476,0.8888446328487297,0.06603671343911868,0.8409214619836702,0.9247141285569203,0.8888446328487297,0.9509666716992028
yolov8s-seg.pt,MOTS20-11,900,6758,739,1753,8511,125120,8031,534,0.9014272375616913,0.794031253671719,0.844327836081959,0.8435481035924625,0.6144614911053313,0.5416055951951178,32288,0.8159810683354023,0.8383975316428505,0.09564259332808968,0.7684567800629019,0.8877441183933164,0.8383975316428505,0.9277825117770294,0.8953995264511103,0.9120960153669205,0.0621925375239902,0.8690704669851113,0.9405343761513996,0.9120960153669205,0.9625385707101008
