model,max_dets,ap50,ap75,map50_95,ignored_detections_at_ap50,ap50_abs_difference_from_1000,ap75_abs_difference_from_1000,map50_95_abs_difference_from_1000,converged
yolo26s-seg.pt,100,0.8314023118425276,0.56541946436743,0.5221311200424544,2671,2.885297379906504e-06,0.0,0.000233299720927449,False
yolo26s-seg.pt,200,0.8313994265451476,0.56541946436743,0.5223644197633819,3140,0.0,0.0,0.0,True
yolo26s-seg.pt,300,0.8313994265451476,0.56541946436743,0.5223644197633819,3140,0.0,0.0,0.0,True
yolo26s-seg.pt,1000,0.8313994265451476,0.56541946436743,0.5223644197633819,3140,0.0,0.0,0.0,True
yolo11s-seg.pt,100,0.8061814435086295,0.4933839315998469,0.46881402409583006,2821,0.0015132349716359128,0.0,0.0002919193232953643,False
yolo11s-seg.pt,200,0.8076946784802654,0.4933839315998469,0.4691059434191254,3498,0.0,0.0,0.0,True
yolo11s-seg.pt,300,0.8076946784802654,0.4933839315998469,0.4691059434191254,3509,0.0,0.0,0.0,True
yolo11s-seg.pt,1000,0.8076946784802654,0.4933839315998469,0.4691059434191254,3509,0.0,0.0,0.0,True
yolov8s-seg.pt,100,0.8040134775737001,0.468348558428188,0.4668899157502665,2797,0.0002893908607749518,0.0,6.571093413865192e-05,False
yolov8s-seg.pt,200,0.8037256358414695,0.468348558428188,0.4668243597289823,3602,1.549128544331424e-06,0.0,1.549128544331424e-07,True
yolov8s-seg.pt,300,0.8037240867129252,0.468348558428188,0.46682420481612785,3616,0.0,0.0,0.0,True
yolov8s-seg.pt,1000,0.8037240867129252,0.468348558428188,0.46682420481612785,3616,0.0,0.0,0.0,True
