model,gt_persons_per_frame,frames,tp,fp,fn,ignored_predictions,precision,recall,f1
yolo26s-seg.pt,3,14,42,1,0,21,0.9767441860465116,1.0,0.9882352941176471
yolo26s-seg.pt,4,31,94,13,30,36,0.8785046728971962,0.7580645161290323,0.8138528138528138
yolo26s-seg.pt,5,117,496,45,89,119,0.9168207024029574,0.8478632478632478,0.8809946714031972
yolo26s-seg.pt,6,181,934,94,152,152,0.9085603112840467,0.860036832412523,0.8836329233680227
yolo26s-seg.pt,7,251,1521,119,236,301,0.927439024390244,0.8656801365964713,0.8954960259052105
yolo26s-seg.pt,8,368,2573,157,371,364,0.9424908424908425,0.8739809782608695,0.9069439548819175
yolo26s-seg.pt,9,505,3754,408,791,585,0.9019702066314272,0.825962596259626,0.8622947054094406
yolo26s-seg.pt,10,539,4292,467,1098,596,0.9018701407858793,0.7962894248608534,0.8457976155286235
yolo26s-seg.pt,11,313,2538,423,905,378,0.8571428571428571,0.7371478361893697,0.79262960649594
yolo26s-seg.pt,12,232,2006,395,778,517,0.8354852144939608,0.7205459770114943,0.7737704918032787
yolo26s-seg.pt,13,193,1827,300,682,407,0.8589562764456982,0.7281785571941012,0.7881794650560828
yolo26s-seg.pt,14,91,874,151,400,245,0.8526829268292683,0.6860282574568289,0.7603305785123967
yolo26s-seg.pt,15,21,218,24,97,80,0.9008264462809917,0.692063492063492,0.7827648114901257
yolo26s-seg.pt,16,6,66,5,30,24,0.9295774647887324,0.6875,0.7904191616766467
