study_id,schema_version,experiment,tier,family,model,sequence,frames,gt_instances,predictions,tp,fp,fn,precision,recall,f1,ap50,ap75,mask_map50_95,tp_iou_mean,tp_dice_mean,ignored_predictions
yolo_instance_segmentation_mots20_scaling,1.0,YOLO_Small_Seg_MOTS20_Benchmark,small,YOLO26,YOLO26s-Seg,MOTS20-02,600,7039,8324,5234,1147,1805,0.8202476100924619,0.7435715300468817,0.7800298062593145,0.7921059052560907,0.3970966528486249,0.41965144637490925,0.7669984412356331,0.8642224097210207,1943
yolo_instance_segmentation_mots20_scaling,1.0,YOLO_Small_Seg_MOTS20_Benchmark,small,YOLO26,YOLO26s-Seg,MOTS20-05,837,6570,6347,5200,545,1370,0.9051348999129678,0.791476407914764,0.8444985789687373,0.8467737819750207,0.6368170028424125,0.5811367378143568,0.8399717382803916,0.9088924222985403,602
yolo_instance_segmentation_mots20_scaling,1.0,YOLO_Small_Seg_MOTS20_Benchmark,small,YOLO26,YOLO26s-Seg,MOTS20-09,525,4774,5132,3976,367,798,0.915496200782869,0.8328445747800587,0.8722167379620489,0.8625732821075627,0.6135061112579477,0.5442206965049603,0.8097574400617447,0.8912114032531473,789
yolo_instance_segmentation_mots20_scaling,1.0,YOLO_Small_Seg_MOTS20_Benchmark,small,YOLO26,YOLO26s-Seg,MOTS20-11,900,8511,7859,6825,543,1686,0.9263029315960912,0.8019034191046881,0.8596259210277726,0.8558376857650107,0.679387816008997,0.5898926635345991,0.8400302655222652,0.9101317866395383,491
yolo_instance_segmentation_mots20_scaling,1.0,YOLO_Small_Seg_MOTS20_Benchmark,small,YOLO11,YOLO11s-Seg,MOTS20-02,600,7039,7472,4848,1043,2191,0.8229502631132236,0.6887341951981816,0.7498839907192575,0.7563667023981089,0.2984465615828699,0.3562590538413031,0.7402170123612201,0.8467348059158708,1581
yolo_instance_segmentation_mots20_scaling,1.0,YOLO_Small_Seg_MOTS20_Benchmark,small,YOLO11,YOLO11s-Seg,MOTS20-05,837,6570,6243,5080,673,1490,0.883017556057709,0.7732115677321156,0.8244745597662907,0.8335909808237327,0.587432058082591,0.5391780817446051,0.8222689616110515,0.8982856138107588,490
yolo_instance_segmentation_mots20_scaling,1.0,YOLO_Small_Seg_MOTS20_Benchmark,small,YOLO11,YOLO11s-Seg,MOTS20-09,525,4774,5362,3902,786,872,0.8323378839590444,0.8173439463762044,0.8247727753117734,0.8347551671166885,0.5181573333456168,0.48430850216943117,0.7824185068635396,0.8742356990171871,674
yolo_instance_segmentation_mots20_scaling,1.0,YOLO_Small_Seg_MOTS20_Benchmark,small,YOLO11,YOLO11s-Seg,MOTS20-11,900,8511,7794,6721,616,1790,0.9160419790104948,0.7896839384326166,0.8481827359919233,0.8448711700890352,0.6170206049650393,0.5376127321828972,0.8151275560115213,0.8950875487194964,457
yolo_instance_segmentation_mots20_scaling,1.0,YOLO_Small_Seg_MOTS20_Benchmark,small,YOLOv8,YOLOv8s-Seg,MOTS20-02,600,7039,7415,4923,1044,2116,0.8250377073906485,0.6993891177724109,0.757035214516377,0.7601835748774737,0.2974778796441134,0.3598633722557718,0.7401092637791995,0.8466310176544972,1448
yolo_instance_segmentation_mots20_scaling,1.0,YOLO_Small_Seg_MOTS20_Benchmark,small,YOLOv8,YOLOv8s-Seg,MOTS20-05,837,6570,6178,5076,625,1494,0.8903701105069286,0.7726027397260274,0.8273164371281884,0.8346211771679141,0.5749865123103038,0.534965949464656,0.8206884248066623,0.8971287288876789,477
yolo_instance_segmentation_mots20_scaling,1.0,YOLO_Small_Seg_MOTS20_Benchmark,small,YOLOv8,YOLOv8s-Seg,MOTS20-09,525,4774,5523,3879,757,895,0.8367126833477135,0.8125261834939255,0.824442082890542,0.8298470539980346,0.5049316643022064,0.4788211599813787,0.7807610829180895,0.8732121652868476,887
yolo_instance_segmentation_mots20_scaling,1.0,YOLO_Small_Seg_MOTS20_Benchmark,small,YOLOv8,YOLOv8s-Seg,MOTS20-11,900,8511,8031,6758,739,1753,0.9014272375616913,0.794031253671719,0.844327836081959,0.8435481035924625,0.6144614911053313,0.5416055951951178,0.8159810683354023,0.8953995264511103,534
