study_id,schema_version,experiment,tier,family,model,stage,mean_ms,median_ms,std_ms,p50_ms,p95_ms,repetitions,measured_frames,contamination_status
yolo_instance_segmentation_mots20_scaling,1.0,YOLO_Small_Seg_MOTS20_Benchmark,small,YOLO26,YOLO26s-Seg,preprocessing,1.7094929873322446,1.893004053272307,0.4516336068009843,1.893004053272307,2.1561898407526314,3,300,CLEAN
yolo_instance_segmentation_mots20_scaling,1.0,YOLO_Small_Seg_MOTS20_Benchmark,small,YOLO26,YOLO26s-Seg,inference,17.308160424387705,16.59813546575606,3.031752527800076,16.59813546575606,21.738909382838756,3,300,CLEAN
yolo_instance_segmentation_mots20_scaling,1.0,YOLO_Small_Seg_MOTS20_Benchmark,small,YOLO26,YOLO26s-Seg,postprocessing,59.81030156991134,54.4387164991349,38.74663055898153,54.4387164991349,117.43728776928037,3,300,CLEAN
yolo_instance_segmentation_mots20_scaling,1.0,YOLO_Small_Seg_MOTS20_Benchmark,small,YOLO26,YOLO26s-Seg,pipeline,78.8279549816313,77.7863385155797,39.234149906701575,77.7863385155797,135.91002833563834,3,300,CLEAN
yolo_instance_segmentation_mots20_scaling,1.0,YOLO_Small_Seg_MOTS20_Benchmark,small,YOLO26,YOLO26s-Seg,rle_preparation,279.9558118792872,279.32096051517874,173.199175214057,279.32096051517874,523.7185609526932,3,300,CLEAN
yolo_instance_segmentation_mots20_scaling,1.0,YOLO_Small_Seg_MOTS20_Benchmark,small,YOLO26,YOLO26s-Seg,ultralytics_postprocess_inclusive,36.13025604514405,39.72686000633985,20.134599143861895,39.72686000633985,61.39055057428778,3,300,CLEAN
yolo_instance_segmentation_mots20_scaling,1.0,YOLO_Small_Seg_MOTS20_Benchmark,small,YOLO11,YOLO11s-Seg,preprocessing,1.699525356137504,1.8858154071494937,0.43707006185601155,1.8858154071494937,2.1948228706605732,3,300,CLEAN
yolo_instance_segmentation_mots20_scaling,1.0,YOLO_Small_Seg_MOTS20_Benchmark,small,YOLO11,YOLO11s-Seg,inference,15.69301294706141,15.63326793257147,2.5359419928148834,15.63326793257147,20.28060957090929,3,300,CLEAN
yolo_instance_segmentation_mots20_scaling,1.0,YOLO_Small_Seg_MOTS20_Benchmark,small,YOLO11,YOLO11s-Seg,postprocessing,71.44340980254735,69.11362893879414,43.567624627165415,69.11362893879414,130.37049974082038,3,300,CLEAN
yolo_instance_segmentation_mots20_scaling,1.0,YOLO_Small_Seg_MOTS20_Benchmark,small,YOLO11,YOLO11s-Seg,pipeline,88.83594810574625,89.39334645401686,44.03523386566499,89.39334645401686,149.2606588639319,3,300,CLEAN
yolo_instance_segmentation_mots20_scaling,1.0,YOLO_Small_Seg_MOTS20_Benchmark,small,YOLO11,YOLO11s-Seg,rle_preparation,330.74381207504,362.5242691487074,190.0126633233402,362.5242691487074,574.463672703132,3,300,CLEAN
yolo_instance_segmentation_mots20_scaling,1.0,YOLO_Small_Seg_MOTS20_Benchmark,small,YOLO11,YOLO11s-Seg,ultralytics_postprocess_inclusive,41.56271532876417,47.66760300844908,22.51867412817812,47.66760300844908,71.28422604873776,3,300,CLEAN
yolo_instance_segmentation_mots20_scaling,1.0,YOLO_Small_Seg_MOTS20_Benchmark,small,YOLOv8,YOLOv8s-Seg,preprocessing,1.6976274029972653,1.8954984843730927,0.4620089971541667,1.8954984843730927,2.065110253170133,3,300,CLEAN
yolo_instance_segmentation_mots20_scaling,1.0,YOLO_Small_Seg_MOTS20_Benchmark,small,YOLOv8,YOLOv8s-Seg,inference,15.220344315748662,15.193763421848416,2.615404290028353,15.193763421848416,20.60093370964751,3,300,CLEAN
yolo_instance_segmentation_mots20_scaling,1.0,YOLO_Small_Seg_MOTS20_Benchmark,small,YOLOv8,YOLOv8s-Seg,postprocessing,75.25520379965504,92.95172162819654,45.335597494433216,92.95172162819654,132.17606358230117,3,300,CLEAN
yolo_instance_segmentation_mots20_scaling,1.0,YOLO_Small_Seg_MOTS20_Benchmark,small,YOLOv8,YOLOv8s-Seg,pipeline,92.17317551840097,108.00483892671764,45.83573678092797,108.00483892671764,150.89658562792465,3,300,CLEAN
yolo_instance_segmentation_mots20_scaling,1.0,YOLO_Small_Seg_MOTS20_Benchmark,small,YOLOv8,YOLOv8s-Seg,rle_preparation,344.7054569857816,409.55946350004524,196.71167821817045,409.55946350004524,581.4450345817022,3,300,CLEAN
yolo_instance_segmentation_mots20_scaling,1.0,YOLO_Small_Seg_MOTS20_Benchmark,small,YOLOv8,YOLOv8s-Seg,ultralytics_postprocess_inclusive,42.321817214445524,49.10022101830691,23.453257585467412,49.10022101830691,70.16095434082673,3,300,CLEAN
